{
    "data": {
        "energy": [
            -108131.8683437,
            -108131.8689234,
            -108131.7865261,
            -108131.6348705,
            -108131.3858877,
            -108131.0706966,
            -108130.707709,
            -108128.592349,
            -108127.9151023,
            -108127.2770945,
            -108126.5418537,
            -108125.7071285,
            -108124.8642684,
            -108123.1380874,
            -108121.258145,
            -108120.2427797,
            -108119.2017837,
            -108113.6603081,
            -108112.2863603,
            -108111.6910179,
            -108111.3035723,
            -108111.0427438,
            -108110.7067418,
            -108110.0854909,
            -108109.5548466,
            -108109.2167955,
            -108109.0499761,
            -108108.9028016,
            -108129.8005254,
            -108124.0507728,
            -108122.0281277,
            -108109.9267629,
            -108109.674611,
            -108109.5099885,
            -108109.0159336,
            -108109.0540368
        ],
        "ts_energy": [
            -0.1807022500072027,
            -0.18070683261510623,
            -0.1800554706777938,
            -0.17885661239712133,
            -0.17688836927571458,
            -0.17439674047839338,
            -0.17152727380488494,
            -0.15480506339775774,
            -0.14945133551460368,
            -0.14440779650794158,
            -0.13859561732447534,
            -0.13199700033896417,
            -0.12533407585514936,
            -0.11168837872431313,
            -0.0968271766754038,
            -0.08880057496848244,
            -0.08057135906908752,
            -0.03676523578545986,
            -0.025903990323621673,
            -0.02119772714517356,
            -0.01813491663331482,
            -0.016073031631601974,
            -0.01341688982055873,
            -0.008505816402677639,
            -0.004311000562360499,
            -0.0016386603353712398,
            -0.0003199301395943854,
            0.0008435044321082276,
            -0.16435586324734117,
            -0.1189032817640785,
            -0.10291399533479358,
            -0.007251049831661332,
            -0.005257754540851513,
            -0.003956391140409464,
            -5.0819516535154e-05,
            -0.00035203052901088553
        ]
    },
    "distribution": "flat",
    "expansions": [
        -0.0,
        0.1,
        0.2,
        0.3,
        0.4,
        0.5,
        0.6,
        1.0,
        1.1,
        1.2,
        1.3,
        1.4,
        1.5,
        1.7,
        1.9,
        2.0,
        2.1,
        2.3,
        2.4,
        2.5,
        2.6,
        2.7,
        2.8,
        3.0,
        3.5,
        4.0,
        4.5,
        5.0,
        0.8,
        1.6,
        1.8,
        3.1,
        3.3,
        3.6,
        5.5,
        6.0
    ]
}