{
    "data": {
        "energy": [
            -108130.1189212,
            -108130.0688964,
            -108129.9746286,
            -108129.7558358,
            -108129.4698165,
            -108129.1469061,
            -108128.2747346,
            -108126.6356637,
            -108124.5336048,
            -108122.7270811,
            -108121.8067501,
            -108120.9277235,
            -108119.1150042,
            -108118.1031932,
            -108116.5747731,
            -108112.4183859,
            -108111.3879887,
            -108110.7943059,
            -108109.9243797,
            -108109.4341615,
            -108109.1360114,
            -108109.037843,
            -108108.9991819,
            -108128.7397726,
            -108127.7594042,
            -108119.9643035,
            -108110.9296709,
            -108110.489018,
            -108109.7369524,
            -108109.648944,
            -108109.3453412,
            -108109.0543506,
            -108109.0688158
        ],
        "ts_energy": [
            -0.16687282563689654,
            -0.16647737274414115,
            -0.165732172879245,
            -0.1640025858409785,
            -0.1617415641165385,
            -0.159188913195866,
            -0.15229427808216733,
            -0.13933719821774732,
            -0.12272013482712954,
            -0.10843931765328084,
            -0.10116397509870412,
            -0.09421514948099256,
            -0.07988535524081664,
            -0.07188685076209941,
            -0.059804480620477475,
            -0.026947670766851433,
            -0.01880223983238581,
            -0.014109096019195256,
            -0.007232210309380138,
            -0.0033569683242309187,
            -0.0010000509649317145,
            -0.00022401632301189802,
            8.160496545100011e-05,
            -0.1559704671391035,
            -0.1482205207179516,
            -0.08659918248224788,
            -0.015179174876656178,
            -0.011695753373688047,
            -0.005750571842813966,
            -0.005054853391908856,
            -0.002654831692574778,
            -0.00035451116099527273,
            -0.0004688605473930641
        ]
    },
    "distribution": "flat",
    "expansions": [
        -0.0,
        0.1,
        0.2,
        0.3,
        0.4,
        0.5,
        0.7,
        1.0,
        1.3,
        1.5,
        1.6,
        1.7,
        1.9,
        2.0,
        2.1,
        2.3,
        2.5,
        2.7,
        3.0,
        3.5,
        4.0,
        4.5,
        5.0,
        0.6,
        0.8,
        1.8,
        2.6,
        2.8,
        3.1,
        3.3,
        3.6,
        5.5,
        6.0
    ]
}