{
    "data": {
        "energy": [
            -108627.7203608,
            -108627.6075994,
            -108627.3712786,
            -108627.0802776,
            -108626.7044788,
            -108626.2277753,
            -108625.7401293,
            -108625.0374865,
            -108624.3087326,
            -108623.4479461,
            -108627.6997745,
            -108627.6471814,
            -108627.5157351,
            -108627.3197117,
            -108627.0394022,
            -108626.6866763,
            -108626.2751709,
            -108625.8290855,
            -108625.2724583,
            -108624.6877537,
            -108624.113885,
            -108621.8033664,
            -108620.0178815,
            -108619.1322175,
            -108618.1377175,
            -108617.185362,
            -108616.046225,
            -108615.0858016,
            -108614.0637877,
            -108610.2482117,
            -108608.2205231,
            -108607.8597869,
            -108607.4634516,
            -108606.7768829,
            -108606.3031858,
            -108605.6650988,
            -108605.1311261,
            -108604.8844107,
            -108604.8899255,
            -108604.7690663,
            -108604.7108733,
            -108604.7530256,
            -108623.3477259,
            -108605.594025,
            -108605.3169516,
            -108605.0874454,
            -108613.4403793
        ],
        "min_vac_dist_change_#1": [
            -0.16573071283690943,
            -0.08140686794697594,
            0.23936784091526953,
            0.32198433932797066,
            0.402200373712434,
            0.4842699573071556,
            0.419922312603056,
            0.4728874014426552,
            0.5725486401657474,
            0.6536019161897855,
            -9.150651284883793e-05,
            -0.08038593593889587,
            -0.1588678890140578,
            -0.23221562303515242,
            -0.31306889640578817,
            -0.39402428056669336,
            -0.4744483535642825,
            -0.5683255196676509,
            -0.6361708683130285,
            -0.716939729275337,
            -0.8068013456427607,
            -1.2135096640400818,
            -1.359413784763122,
            -1.4460474975357211,
            -1.5179204511012667,
            -1.2961213176597894,
            -1.3695216961086327,
            -1.4515916684730925,
            -1.5264407014549342,
            -0.6935491627061694,
            -0.21408436622950688,
            -0.2831189805837564,
            -0.16949600623914662,
            -0.07519348350105659,
            -0.01639929603599377,
            0.10354927806631053,
            0.11629323579589546,
            0.16831559219397718,
            0.09899812111189021,
            0.16613947415617858,
            0.08135487323921353,
            -0.05529207184072149,
            -1.0266805004117963,
            0.041000932278850044,
            -0.04423539685569544,
            0.06212942768215868,
            -1.6833593072525357
        ],
        "min_vac_dist_change_#2": [
            -0.16572004026260334,
            -0.08136500588706586,
            0.23941681444809237,
            0.3219902762361695,
            0.4023657449931486,
            0.4842667368808833,
            0.4199522936803475,
            0.47301248103479465,
            0.5723846931151702,
            0.6536310932809428,
            -9.073288117100731e-05,
            -0.08038346717654576,
            -0.15887874968721372,
            -0.232191102305233,
            -0.3130487854054831,
            -0.39402926064854205,
            -0.4744411127042607,
            -0.5682804387640124,
            -0.6361449489445006,
            -0.7169199220102409,
            -0.8069414751580251,
            -1.214492629200079,
            -1.3594594878881177,
            -1.4461692905212664,
            -1.5179183476070275,
            -1.296208809640535,
            -1.3695041597842463,
            -1.451599632675114,
            -1.5264567640527638,
            -0.6933691248584193,
            -0.21405651600986975,
            -0.28311208541588506,
            -0.16948391814476693,
            -0.07516747440351779,
            -0.016394773107026417,
            0.10353714322249452,
            0.11630178233058253,
            0.1683252118585763,
            -0.05705363171539357,
            0.006237758633498736,
            0.08134979221005523,
            -0.055272520785312196,
            -1.0266839305883626,
            0.041069807247644086,
            -0.04422801953961031,
            0.062138177391666716,
            -1.9294809788267893
        ],
        "ts_energy": [
            -0.18176257811532473,
            -0.18087118381052503,
            -0.1790030355325825,
            -0.17670263278764337,
            -0.17373189182423604,
            -0.16996348539269798,
            -0.16610857700069348,
            -0.1605540894701563,
            -0.15479319011921727,
            -0.14798855498924393,
            -0.18159984059541234,
            -0.18118408493955088,
            -0.18014498394214581,
            -0.1785953921282117,
            -0.17637950715445141,
            -0.17359116062440597,
            -0.17033815409952496,
            -0.16681178794035303,
            -0.16241157371830997,
            -0.15778940380529244,
            -0.1532528931652874,
            -0.13498792730656772,
            -0.12087342472705605,
            -0.11387212955362638,
            -0.10601047089981332,
            -0.09848197028844916,
            -0.08947693634780943,
            -0.08188465788232112,
            -0.07380549808216436,
            -0.043642847423934025,
            -0.027613691436535213,
            -0.02476202238826755,
            -0.021628937580772556,
            -0.01620151801138867,
            -0.012456877583578435,
            -0.00741271249013745,
            -0.0031915851920670418,
            -0.0012412661781343827,
            -0.00128486142711304,
            -0.0003294529046364527,
            0.00013057072730036424,
            -0.00020264897511074696,
            -0.14719630058746097,
            -0.006850864370609775,
            -0.004660561210432048,
            -0.0028462832784355734,
            -0.06887736933129848
        ]
    },
    "distribution": "flat",
    "expansions": [
        -0.1,
        -0.2,
        -0.3,
        -0.4,
        -0.5,
        -0.6,
        -0.7,
        -0.8,
        -0.9,
        -1.0,
        0.0,
        0.1,
        0.2,
        0.3,
        0.4,
        0.5,
        0.6,
        0.7,
        0.8,
        0.9,
        1.0,
        1.3,
        1.5,
        1.6,
        1.7,
        1.8,
        1.9,
        2.0,
        2.1,
        2.2,
        2.3,
        2.4,
        2.5,
        2.6,
        2.8,
        3.0,
        3.5,
        4.0,
        4.5,
        5.0,
        5.5,
        6.0,
        1.1,
        3.1,
        3.3,
        3.6,
        2.15
    ]
}