{
    "data": {
        "energy": [
            -108624.8266901,
            -108625.0042959,
            -108624.9203458,
            -108624.7534315,
            -108624.247844,
            -108623.7509511,
            -108624.7600021,
            -108624.8587048,
            -108624.798535,
            -108624.3976083,
            -108623.9451497,
            -108623.5030617,
            -108623.0854769,
            -108621.5458832,
            -108619.4400759,
            -108614.2747848,
            -108612.830607,
            -108612.1894979,
            -108611.7573385,
            -108611.6051638,
            -108611.5655637,
            -108611.4845846,
            -108624.5429472,
            -108624.2355232,
            -108622.7928384,
            -108622.1640618,
            -108621.0693476,
            -108620.4099952,
            -108619.1386724,
            -108616.904208,
            -108613.944439,
            -108613.2849786,
            -108612.5623076,
            -108612.3143899,
            -108612.0228756,
            -108611.4542447
        ],
        "ts_energy": [
            -0.15399320734273308,
            -0.15600539052987597,
            -0.15505427868676766,
            -0.15316322474501268,
            -0.1474351760712354,
            -0.14180563278369426,
            -0.153237666293962,
            -0.154355917575659,
            -0.15367422441047676,
            -0.14913192925445867,
            -0.14400580393744936,
            -0.13899717223257158,
            -0.13426614929419722,
            -0.1168233374139511,
            -0.09296561404836316,
            -0.0344454986672626,
            -0.018083700299873984,
            -0.010820260974392369,
            -0.005924115246724833,
            -0.004200053460217295,
            -0.0037514045115907423,
            -0.0028339525840816466,
            -0.150778544911229,
            -0.14729558768722079,
            -0.13095070424887897,
            -0.1238269858623037,
            -0.11142443195920398,
            -0.10395430534327384,
            -0.08955086602071886,
            -0.06423552328953813,
            -0.03070284913261711,
            -0.023231498931815628,
            -0.015044004851888683,
            -0.012235223676057411,
            -0.008932515243769014,
            -0.002490216981559243
        ]
    },
    "distribution": "flat",
    "expansions": [
        -0.1,
        -0.2,
        -0.4,
        -0.6,
        -0.8,
        -1.0,
        0.0,
        0.1,
        0.2,
        0.4,
        0.6,
        0.8,
        1.0,
        1.5,
        2.0,
        2.5,
        3.0,
        3.5,
        4.0,
        4.5,
        5.0,
        6.0,
        0.3,
        0.5,
        1.1,
        1.3,
        1.6,
        1.8,
        2.1,
        2.3,
        2.6,
        2.8,
        3.1,
        3.3,
        3.6,
        5.5
    ]
}