{
    "data": {
        "energy": [
            -108130.1189212,
            -108130.0688964,
            -108129.9746286,
            -108129.7558358,
            -108129.4698165,
            -108129.1469061,
            -108128.2747346,
            -108126.6356637,
            -108124.5336048,
            -108122.7270811,
            -108121.8067501,
            -108120.9277235,
            -108119.1150042,
            -108118.1031932,
            -108116.5747731,
            -108112.4183859,
            -108111.3879887,
            -108110.7943059,
            -108109.9243797,
            -108109.4341615,
            -108109.1360114,
            -108109.037843,
            -108108.9991819,
            -108128.7397726,
            -108127.7594042,
            -108119.9643035,
            -108110.9296709,
            -108110.489018,
            -108109.7369524,
            -108109.648944,
            -108109.3453412,
            -108109.0543506,
            -108109.0688158,
            -108113.1586366,
            -108111.774805
        ],
        "min_vac_dist_change_#1": [
            0.0,
            -0.08113580711013846,
            -0.4161701769306614,
            -0.2400442765354498,
            -0.3166829757039338,
            -0.6675130936692071,
            -0.6978156698888114,
            -0.8067214818343196,
            -1.2065662179017096,
            -1.3636846391219564,
            -1.1388716710920566,
            -1.5354184279317113,
            -1.6869505405821226,
            -1.7917869403066575,
            -1.8592296211854702,
            -0.38508381205754816,
            -0.16444177771669466,
            0.04627800187400766,
            -0.005426169014986826,
            0.057012131499558194,
            0.1708477752111648,
            0.1022116236360624,
            0.1712920661529722,
            -0.4815078973486546,
            -0.6463158092082999,
            -1.4635032719765366,
            -0.14780603363069567,
            -0.17407635889422934,
            0.04979764397771014,
            -0.08311800334046815,
            0.010253037763554573,
            0.06668325736717406,
            -0.05464119071826801,
            -0.5840394816988326,
            -0.2666714014590177
        ],
        "min_vac_dist_change_#2": [
            0.0,
            -0.08013721269448482,
            -0.2900018686796151,
            -0.3682864231089269,
            -0.4506651518588889,
            -0.5372692008663211,
            -0.6977009671832852,
            -0.9571096694338426,
            -1.281704346740475,
            -1.3238557323251259,
            -1.55492673470477,
            -1.4905624022004753,
            -1.7347794202327123,
            -1.746500367888129,
            -0.7707454666924995,
            -0.3782929443167449,
            -0.18676329319522544,
            -0.49747824242114014,
            0.025877659963168043,
            0.0473777253453882,
            0.16372208375416264,
            0.08510091241977236,
            0.0012544353201491276,
            -0.6159534610640653,
            -0.7899224522078434,
            -1.7197835265168648,
            -0.05521239455065974,
            -0.02735317875113097,
            0.03392595833992118,
            0.014392751353819122,
            -0.0038618956220357603,
            0.10844263484511352,
            0.08705806270196703,
            -0.49103917389396123,
            -0.21499147091621218
        ],
        "ts_energy": [
            -0.16687282563689654,
            -0.16647737274414115,
            -0.165732172879245,
            -0.1640025858409785,
            -0.1617415641165385,
            -0.159188913195866,
            -0.15229427808216733,
            -0.13933719821774732,
            -0.12272013482712954,
            -0.10843931765328084,
            -0.10116397509870412,
            -0.09421514948099256,
            -0.07988535524081664,
            -0.07188685076209941,
            -0.059804480620477475,
            -0.026947670766851433,
            -0.01880223983238581,
            -0.014109096019195256,
            -0.007232210309380138,
            -0.0033569683242309187,
            -0.0010000509649317145,
            -0.00022401632301189802,
            8.160496545100011e-05,
            -0.1559704671391035,
            -0.1482205207179516,
            -0.08659918248224788,
            -0.015179174876656178,
            -0.011695753373688047,
            -0.005750571842813966,
            -0.005054853391908856,
            -0.002654831692574778,
            -0.00035451116099527273,
            -0.0004688605473930641,
            -0.032799453895649554,
            -0.021860075641670775
        ]
    },
    "distribution": "flat",
    "expansions": [
        -0.0,
        0.1,
        0.2,
        0.3,
        0.4,
        0.5,
        0.7,
        1.0,
        1.3,
        1.5,
        1.6,
        1.7,
        1.9,
        2.0,
        2.1,
        2.3,
        2.5,
        2.7,
        3.0,
        3.5,
        4.0,
        4.5,
        5.0,
        0.6,
        0.8,
        1.8,
        2.6,
        2.8,
        3.1,
        3.3,
        3.6,
        5.5,
        6.0,
        2.2,
        2.4
    ]
}