{
    "data": {
        "energy": [
            -108128.033132,
            -108127.4453617,
            -108126.380705,
            -108124.7353156,
            -108123.4168199,
            -108118.5502181,
            -108117.3235408,
            -108116.7122674,
            -108116.3017092,
            -108116.2322691,
            -108116.2240087
        ],
        "ts_energy": [
            -0.13577666616325337,
            -0.12911752825452485,
            -0.11705551050592658,
            -0.09841408726941141,
            -0.08347620303403987,
            -0.028340085178153465,
            -0.014442456614400119,
            -0.007517040562298078,
            -0.002865625420382355,
            -0.0020789044815267424,
            -0.001985318359844415
        ]
    },
    "distribution": "flat",
    "expansions": [
        -0.0,
        0.5,
        1.0,
        1.5,
        2.0,
        2.5,
        3.0,
        3.5,
        4.0,
        4.5,
        5.0
    ]
}