{
    "data": {
        "energy": [
            -108629.9262857,
            -108629.5552885,
            -108628.3678054,
            -108626.5105701,
            -108626.0812822,
            -108625.1760504,
            -108624.2100113,
            -108623.7058665,
            -108622.6571726,
            -108621.9069501,
            -108621.3589456,
            -108619.7701999,
            -108618.8237995,
            -108612.2195391,
            -108611.6918457,
            -108611.4872855,
            -108611.3268089,
            -108629.9242623,
            -108629.8098903,
            -108629.3787518,
            -108628.9307242,
            -108628.033862,
            -108627.3149441,
            -108617.9319959,
            -108612.6060648,
            -108612.1025248,
            -108611.2707875,
            -108611.2357815,
            -108613.0294247
        ],
        "min_vac_dist_change_#1": [
            4.4971898205403704e-08,
            -0.4897440751556523,
            -0.975114427726961,
            -1.4618553032366997,
            -1.5566077693785978,
            -1.7502723668773115,
            -1.9434901397845898,
            -2.0435634690999045,
            -2.231030986510998,
            -2.4580700281937276,
            -2.6697008502425525,
            -2.7628699227806663,
            -2.9317681920506757,
            0.10549557071894,
            0.3009844589035815,
            0.29212948277920603,
            0.3210875876868613,
            -0.0972035703885048,
            -0.2936629609595194,
            -0.5868928621990861,
            -0.7794572294017215,
            -1.0797044696607685,
            -1.274547445692992,
            -2.997934552828415,
            -0.3782700619062922,
            0.04412559353358603,
            0.4128117460120819,
            0.36632452243901525,
            -0.931439197852594
        ],
        "min_vac_dist_change_#2": [
            2.925284310340004e-07,
            -0.48973702215425075,
            -0.9751100983997834,
            -1.4618857310939462,
            -1.5565743133661067,
            -1.7501122025515097,
            -1.9434491093930808,
            -2.043494305190496,
            -2.2310417240603875,
            -2.5130637098695505,
            -2.669268997942969,
            -2.7628624616031554,
            -3.003410742423621,
            0.10550862367392444,
            0.3009664764439366,
            0.29213129517771286,
            0.32108760798865443,
            -0.09719449847339978,
            -0.2936546725284346,
            -0.5868856455699367,
            -0.7794472886563388,
            -1.0797006541105274,
            -1.274571242559026,
            -2.997927655478657,
            -0.378410804947241,
            0.044150906370587606,
            0.4128097604979324,
            0.36633429637278603,
            -0.9314533634695312
        ],
        "ts_energy": [
            -0.21176902619423488,
            -0.2075658170179643,
            -0.1941122387626626,
            -0.17307070945830144,
            -0.1682070963621031,
            -0.15795128147050097,
            -0.1470065508638884,
            -0.1412948472455785,
            -0.1294136798845993,
            -0.12091404135289606,
            -0.11470542968928708,
            -0.09670575070205162,
            -0.08598351655634033,
            -0.01116061245811478,
            -0.005182115204819453,
            -0.0028645524044624356,
            -0.0010464343224722977,
            -0.2117461021036123,
            -0.21045032563979274,
            -0.20556574618879897,
            -0.20048982184337671,
            -0.19032883025365527,
            -0.18218385688372654,
            -0.07587983632638023,
            -0.015539751624492924,
            -0.009834900081990103,
            -0.0004117404149408485,
            -1.5140277660157393e-05,
            -0.020336203502245742
        ]
    },
    "distribution": "flat",
    "expansions": [
        0.0,
        0.5,
        1.0,
        1.5,
        1.6,
        1.8,
        2.0,
        2.1,
        2.3,
        2.5,
        2.6,
        2.8,
        3.0,
        3.5,
        4.0,
        4.5,
        5.0,
        0.1,
        0.3,
        0.6,
        0.8,
        1.1,
        1.3,
        3.1,
        3.3,
        3.6,
        5.5,
        6.0,
        3.2
    ]
}