{
    "data": {
        "energy": [
            -108629.9262857,
            -108629.5552885,
            -108628.3678054,
            -108626.5105701,
            -108626.0812822,
            -108625.1760504,
            -108624.2100113,
            -108623.7058665,
            -108622.6571726,
            -108619.7701999,
            -108612.2195391,
            -108611.6918457,
            -108611.3268089,
            -108621.9069501,
            -108621.3589456,
            -108618.8237995,
            -108611.4872855
        ],
        "ts_energy": [
            -0.21176902619423488,
            -0.2075658170179643,
            -0.1941122387626626,
            -0.17307070945830144,
            -0.1682070963621031,
            -0.15795128147050097,
            -0.1470065508638884,
            -0.1412948472455785,
            -0.1294136798845993,
            -0.09670575070205162,
            -0.01116061245811478,
            -0.005182115204819453,
            -0.0010464343224722977,
            -0.12091404135289606,
            -0.11470542968928708,
            -0.08598351655634033,
            -0.0028645524044624356
        ]
    },
    "distribution": "flat",
    "expansions": [
        0.0,
        0.5,
        1.0,
        1.5,
        1.6,
        1.8,
        2.0,
        2.1,
        2.3,
        2.8,
        3.5,
        4.0,
        5.0,
        2.5,
        2.6,
        3.0,
        4.5
    ]
}