{
    "data": {
        "energy": [
            -108629.9262857,
            -108629.5552885,
            -108628.3678054,
            -108626.5105701,
            -108626.0812822,
            -108625.1760504,
            -108624.2100113,
            -108623.7058665,
            -108622.6571726,
            -108621.9069501,
            -108621.3589456,
            -108619.7701999,
            -108618.8237995,
            -108612.2195391,
            -108611.6918457,
            -108611.4872855,
            -108611.3268089,
            -108621.9069501,
            -108621.3589456,
            -108618.8237995,
            -108611.4872855,
            -108629.9242623,
            -108629.8098903,
            -108629.3787518,
            -108628.9307242,
            -108628.033862,
            -108627.3149441,
            -108617.9319959,
            -108612.6060648,
            -108612.1025248,
            -108611.2707875,
            -108611.2357815
        ],
        "ts_energy": [
            -0.21176902619423488,
            -0.2075658170179643,
            -0.1941122387626626,
            -0.17307070945830144,
            -0.1682070963621031,
            -0.15795128147050097,
            -0.1470065508638884,
            -0.1412948472455785,
            -0.1294136798845993,
            -0.12091404135289606,
            -0.11470542968928708,
            -0.09670575070205162,
            -0.08598351655634033,
            -0.01116061245811478,
            -0.005182115204819453,
            -0.0028645524044624356,
            -0.0010464343224722977,
            -0.12091404135289606,
            -0.11470542968928708,
            -0.08598351655634033,
            -0.0028645524044624356,
            -0.2117461021036123,
            -0.21045032563979274,
            -0.20556574618879897,
            -0.20048982184337671,
            -0.19032883025365527,
            -0.18218385688372654,
            -0.07587983632638023,
            -0.015539751624492924,
            -0.009834900081990103,
            -0.0004117404149408485,
            -1.5140277660157393e-05
        ]
    },
    "distribution": "flat",
    "expansions": [
        0.0,
        0.5,
        1.0,
        1.5,
        1.6,
        1.8,
        2.0,
        2.1,
        2.3,
        2.5,
        2.6,
        2.8,
        3.0,
        3.5,
        4.0,
        4.5,
        5.0,
        2.5,
        2.6,
        3.0,
        4.5,
        0.1,
        0.3,
        0.6,
        0.8,
        1.1,
        1.3,
        3.1,
        3.3,
        3.6,
        5.5,
        6.0
    ]
}