{
    "data": {
        "energy": [
            -108128.033132,
            -108127.4453617,
            -108126.380705,
            -108124.7353156,
            -108123.4168199,
            -108118.5502181,
            -108117.3235408,
            -108116.7122674,
            -108116.3017092,
            -108116.2322691,
            -108116.2240087,
            -108128.0040982,
            -108127.7969455,
            -108127.2445546,
            -108126.8932652,
            -108126.0425749,
            -108125.4581728,
            -108124.5650659,
            -108124.0844868,
            -108122.9076592,
            -108121.9922355,
            -108118.3125662,
            -108117.6214815,
            -108117.15252,
            -108116.863799,
            -108116.6098474,
            -108116.1018173,
            -108116.1332155
        ],
        "ts_energy": [
            -0.13577666616325337,
            -0.12911752825452485,
            -0.11705551050592658,
            -0.09841408726941141,
            -0.08347620303403987,
            -0.028340085178153465,
            -0.014442456614400119,
            -0.007517040562298078,
            -0.002865625420382355,
            -0.0020789044815267424,
            -0.001985318359844415,
            -0.1354477280080752,
            -0.13310079350403933,
            -0.12684248616416605,
            -0.12286255631660205,
            -0.11322466881994832,
            -0.1066036909005022,
            -0.09648524494568253,
            -0.09104052869696322,
            -0.07770767182559049,
            -0.06733638790185595,
            -0.02564761028373276,
            -0.01781797288306253,
            -0.012504878120790108,
            -0.009233816353678401,
            -0.006356674166476188,
            -0.0006009520796871951,
            -0.000956677681749455
        ]
    },
    "distribution": "flat",
    "expansions": [
        -0.0,
        0.5,
        1.0,
        1.5,
        2.0,
        2.5,
        3.0,
        3.5,
        4.0,
        4.5,
        5.0,
        0.1,
        0.3,
        0.6,
        0.8,
        1.1,
        1.3,
        1.6,
        1.8,
        2.1,
        2.3,
        2.6,
        2.8,
        3.1,
        3.3,
        3.6,
        5.5,
        6.0
    ]
}