{
    "data": {
        "energy": [
            -108629.8888055,
            -108629.9148881,
            -108629.870128,
            -108629.6679972,
            -108629.3920521,
            -108629.132187,
            -108628.6989968,
            -108628.0206618,
            -108627.703428,
            -108627.0579293,
            -108626.4938412,
            -108625.8059517,
            -108625.1351945,
            -108624.2138138,
            -108623.4689077,
            -108622.3149326,
            -108621.401923,
            -108620.5445866,
            -108619.5474839,
            -108618.6114504,
            -108617.5887931,
            -108616.6428258,
            -108615.4823658,
            -108614.2832277,
            -108609.4107138,
            -108607.8753424,
            -108607.4895736,
            -108606.9502223,
            -108606.7340323,
            -108606.3933769,
            -108606.0478881,
            -108605.2282145,
            -108604.9956995,
            -108604.9036842,
            -108604.7458113,
            -108604.6637471,
            -108604.7854968
        ],
        "ts_energy": [
            -0.19890443034364402,
            -0.19911061686753903,
            -0.19875678214903708,
            -0.19715891050198345,
            -0.1949775267077085,
            -0.19292325751490458,
            -0.1894988296772415,
            -0.18413649863353793,
            -0.181628722013072,
            -0.17652596641650223,
            -0.17206677275850893,
            -0.16662891208416888,
            -0.1613264845870545,
            -0.15404284401023563,
            -0.1481542593069662,
            -0.1390319281544768,
            -0.13181446226925236,
            -0.12503710065204215,
            -0.11715486729841336,
            -0.10975539433160912,
            -0.1016711483664047,
            -0.0941931473504807,
            -0.08501955217562822,
            -0.07554020132499743,
            -0.03702231186522313,
            -0.024884990745494034,
            -0.02183543556713263,
            -0.017571789699761163,
            -0.015862778151830077,
            -0.013169850576824769,
            -0.010438714313077569,
            -0.003959082286228162,
            -0.002121019378260885,
            -0.0013936258343223,
            -0.0001456189459259573,
            0.0005031097902484289,
            -0.00045933825663981617
        ]
    },
    "distribution": "flat",
    "expansions": [
        -0.0,
        0.1,
        0.2,
        0.3,
        0.4,
        0.5,
        0.6,
        0.7,
        0.8,
        0.9,
        1.0,
        1.1,
        1.2,
        1.3,
        1.4,
        1.5,
        1.6,
        1.7,
        1.8,
        1.9,
        2.0,
        2.1,
        2.2,
        2.3,
        2.4,
        2.5,
        2.6,
        2.7,
        2.8,
        2.9,
        3.0,
        3.5,
        4.0,
        4.5,
        5.0,
        5.5,
        6.0
    ]
}