{
    "data": {
        "energy": [
            -108131.8414532,
            -108131.4713167,
            -108130.4271606,
            -108128.5734784,
            -108128.2334604,
            -108127.563193,
            -108126.7081318,
            -108126.034088,
            -108124.9188145,
            -108124.04751,
            -108123.445894,
            -108122.059059,
            -108117.8940823,
            -108116.8577689,
            -108116.5448274,
            -108116.2076299,
            -108116.5247859,
            -108131.4713167,
            -108127.563193,
            -108126.7081318,
            -108123.445894,
            -108116.5247859,
            -108131.8256702,
            -108131.7701006,
            -108131.3292415,
            -108130.8314114,
            -108130.1892773,
            -108129.4931956,
            -108117.6887205,
            -108117.3416933,
            -108116.9034662,
            -108116.3981948,
            -108116.2953027
        ],
        "ts_energy": [
            -0.17892300423366567,
            -0.1747295463495875,
            -0.16289978994957482,
            -0.14189851545721044,
            -0.13804628482669315,
            -0.13045249682413795,
            -0.1207650892583377,
            -0.11312851656879364,
            -0.1004930362757453,
            -0.09062160040033566,
            -0.0838055977678561,
            -0.06809346409654564,
            -0.020906401000723326,
            -0.009165498394203789,
            -0.005620030707482576,
            -0.001799754904316352,
            -0.005392970727763941,
            -0.1747295463495875,
            -0.13045249682413795,
            -0.1207650892583377,
            -0.0838055977678561,
            -0.005392970727763941,
            -0.1787441908884151,
            -0.17811461564450112,
            -0.1731199067502516,
            -0.16747974546434083,
            -0.16020469341125132,
            -0.15231844254746024,
            -0.018579756480873025,
            -0.01464811518688063,
            -0.009683225511121949,
            -0.0039587580891281915,
            -0.00279304304093326
        ]
    },
    "distribution": "flat",
    "expansions": [
        0.0,
        0.5,
        1.0,
        1.5,
        1.6,
        1.8,
        2.0,
        2.1,
        2.3,
        2.5,
        2.6,
        2.8,
        3.0,
        3.5,
        4.0,
        4.5,
        5.0,
        0.5,
        1.8,
        2.0,
        2.6,
        5.0,
        0.1,
        0.3,
        0.6,
        0.8,
        1.1,
        1.3,
        3.1,
        3.3,
        3.6,
        5.5,
        6.0
    ]
}