{
    "data": {
        "energy": [
            -108629.8888055,
            -108629.870128,
            -108629.3920521,
            -108629.132187,
            -108628.6989968,
            -108628.0206618,
            -108627.703428,
            -108627.0579293,
            -108626.4938412,
            -108625.8059517,
            -108625.1351945,
            -108624.2138138,
            -108623.4689077,
            -108622.3149326,
            -108621.401923,
            -108620.5445866,
            -108619.5474839,
            -108618.6114504,
            -108617.5887931,
            -108616.6428258,
            -108615.4823658,
            -108614.2832277,
            -108609.4107138,
            -108607.8753424,
            -108607.4895736,
            -108606.9502223,
            -108606.7340323,
            -108606.3933769,
            -108606.0478881,
            -108605.2282145,
            -108604.9956995,
            -108604.9036842,
            -108604.7458113,
            -108604.6637471,
            -108604.7854968,
            -108605.8635304,
            -108605.5619848,
            -108605.1905952,
            -108609.8819972
        ],
        "min_vac_dist_change_#1": [
            6.66339367683122e-07,
            -0.18640600598329904,
            -0.32915256285700245,
            -0.43325185331660876,
            -0.631158846045274,
            -0.4522660410864816,
            -0.8015936043325276,
            -0.7500333134569104,
            -0.8350760535588826,
            -0.9194504408164672,
            -1.002224679560106,
            -1.0869825047583852,
            -1.163485717606921,
            -1.2486628875573018,
            -1.4726887583516035,
            -1.4263296836382118,
            -1.4978055617908588,
            -1.5848065130384175,
            -1.6696330362013203,
            -1.895777373211704,
            -1.8328549284602573,
            -2.0140146258936618,
            -0.7211286286486054,
            -0.2171867227519062,
            -0.13442869096670407,
            -0.03655496400170222,
            -0.09146660950519347,
            0.024722887534608162,
            -0.09270193744783661,
            0.0633685615144266,
            -0.0571824503764482,
            0.06196784118303711,
            0.08770922760662714,
            0.13987187072710938,
            0.03751367212997536,
            -0.15464585538940234,
            0.005333677936016912,
            0.03743431782452866,
            -1.0818133567915904
        ],
        "min_vac_dist_change_#2": [
            7.039222831295433e-07,
            -0.1864629026632043,
            -0.32915084822416496,
            -0.43325557401104575,
            -0.6311962627867551,
            -0.45226244733525567,
            -0.8015920986905889,
            -0.750030467432611,
            -0.8351061706683964,
            -0.9194449600425783,
            -1.0022190341099364,
            -1.0873470636033349,
            -1.1643471360694289,
            -1.2487564541599365,
            -1.472680360433201,
            -1.4263333526712225,
            -1.4978229410176267,
            -1.5848212536056856,
            -1.6699496401388592,
            -1.8958385707539396,
            -1.8326946117342642,
            -2.0141183639438927,
            -0.7216771700083768,
            -0.2172413846402641,
            -0.13440437135269612,
            -0.03655056248205213,
            -0.0914441704952127,
            0.024731874910840723,
            -0.09269154556116366,
            0.06330485967889476,
            -0.05716916876872702,
            0.03859172422079116,
            0.08295797486043632,
            0.13962761697588277,
            0.037529226625443,
            -0.15463975943686847,
            0.005343316208103133,
            0.037444142677563796,
            -1.0077123747313919
        ],
        "ts_energy": [
            -0.19890443034364402,
            -0.19875678214903708,
            -0.1949775267077085,
            -0.19292325751490458,
            -0.1894988296772415,
            -0.18413649863353793,
            -0.181628722013072,
            -0.17652596641650223,
            -0.17206677275850893,
            -0.16662891208416888,
            -0.1613264845870545,
            -0.15404284401023563,
            -0.1481542593069662,
            -0.1390319281544768,
            -0.13181446226925236,
            -0.12503710065204215,
            -0.11715486729841336,
            -0.10975539433160912,
            -0.1016711483664047,
            -0.0941931473504807,
            -0.08501955217562822,
            -0.07554020132499743,
            -0.03702231186522313,
            -0.024884990745494034,
            -0.02183543556713263,
            -0.017571789699761163,
            -0.015862778151830077,
            -0.013169850576824769,
            -0.010438714313077569,
            -0.003959082286228162,
            -0.002121019378260885,
            -0.0013936258343223,
            -0.0001456189459259573,
            0.0005031097902484289,
            -0.00045933825663981617,
            -0.008981341454784787,
            -0.006597582203148133,
            -0.0036616965692954223,
            -0.0407478716641962
        ]
    },
    "distribution": "flat",
    "expansions": [
        -0.0,
        0.2,
        0.4,
        0.5,
        0.6,
        0.7,
        0.8,
        0.9,
        1.0,
        1.1,
        1.2,
        1.3,
        1.4,
        1.5,
        1.6,
        1.7,
        1.8,
        1.9,
        2.0,
        2.1,
        2.2,
        2.3,
        2.4,
        2.5,
        2.6,
        2.7,
        2.8,
        2.9,
        3.0,
        3.5,
        4.0,
        4.5,
        5.0,
        5.5,
        6.0,
        3.1,
        3.3,
        3.6,
        2.35
    ]
}