{
    "data": {
        "energy": [
            -108624.8266901,
            -108625.0042959,
            -108624.9203458,
            -108624.7534315,
            -108624.247844,
            -108623.7509511,
            -108624.7600021,
            -108624.8587048,
            -108624.798535,
            -108624.3976083,
            -108623.9451497,
            -108623.5030617,
            -108623.0854769,
            -108621.5458832,
            -108619.4400759,
            -108614.2747848,
            -108612.830607,
            -108612.1894979,
            -108611.7573385,
            -108611.6051638,
            -108611.5655637,
            -108611.4845846,
            -108624.5429472,
            -108624.2355232,
            -108622.7928384,
            -108622.1640618,
            -108621.0693476,
            -108620.4099952,
            -108619.1386724,
            -108616.904208,
            -108613.944439,
            -108613.2849786,
            -108612.5623076,
            -108612.3143899,
            -108612.0228756,
            -108611.4542447,
            -108618.5113569,
            -108614.927987
        ],
        "min_vac_dist_change_#1": [
            0.08924244819652927,
            0.04430705904602661,
            0.154095483188474,
            0.31426055337620085,
            0.5996857717941708,
            0.4787596155600724,
            0.0,
            -0.09427558256131618,
            -0.19181582154727295,
            -0.11983239389801881,
            -0.21685236008955755,
            -0.19115355465331163,
            -0.42687035940495477,
            -0.8812776672096199,
            -1.2781208262876653,
            -0.12599004578789774,
            0.04048421075868447,
            0.2500247903410653,
            0.3658582524300371,
            0.3552439018553599,
            0.3905608924805257,
            0.39615686085827306,
            -0.17296387010888736,
            -0.20295174084629508,
            -0.4758709798139975,
            -0.6825399742804485,
            -0.9299374266681006,
            -1.1247501252670347,
            -1.351678019658106,
            -1.3538112096700061,
            -0.14341612287993755,
            0.001617575199883703,
            0.2348411050409176,
            0.18124839645456703,
            0.24633514983350935,
            0.38260464941437533,
            -1.395280332698956,
            -0.21036201700577095
        ],
        "min_vac_dist_change_#2": [
            -0.04918247058941905,
            -0.04868142185144109,
            0.14100979207434394,
            0.22544056979963945,
            0.4455654936676917,
            0.6830366923138285,
            0.0,
            -0.20043225162193656,
            -0.28687504131178576,
            -0.20973504031295076,
            -0.3746357607836679,
            -0.350445773230748,
            -0.4843874027295081,
            -0.9568023520492266,
            -1.424954683131626,
            -0.29848066661552686,
            0.056734771603571765,
            0.15479171048338536,
            0.2976755564732727,
            0.26496715302915774,
            0.29606073537127564,
            0.31358113801784526,
            -0.13154580690683804,
            -0.2940482926880499,
            -0.5786082267681878,
            -0.7566251030660569,
            -1.0323991544640636,
            -1.2375206807724848,
            -1.5027496768136301,
            -0.9152716492380124,
            -0.09185497517915486,
            -0.0051816659630046225,
            0.10604305201285769,
            0.19777787226741594,
            0.18975487057441143,
            0.3732129253858396,
            -1.51670411629091,
            -0.4738294780618242
        ],
        "ts_energy": [
            -0.15399320734273308,
            -0.15600539052987597,
            -0.15505427868676766,
            -0.15316322474501268,
            -0.1474351760712354,
            -0.14180563278369426,
            -0.153237666293962,
            -0.154355917575659,
            -0.15367422441047676,
            -0.14913192925445867,
            -0.14400580393744936,
            -0.13899717223257158,
            -0.13426614929419722,
            -0.1168233374139511,
            -0.09296561404836316,
            -0.0344454986672626,
            -0.018083700299873984,
            -0.010820260974392369,
            -0.005924115246724833,
            -0.004200053460217295,
            -0.0037514045115907423,
            -0.0028339525840816466,
            -0.150778544911229,
            -0.14729558768722079,
            -0.13095070424887897,
            -0.1238269858623037,
            -0.11142443195920398,
            -0.10395430534327384,
            -0.08955086602071886,
            -0.06423552328953813,
            -0.03070284913261711,
            -0.023231498931815628,
            -0.015044004851888683,
            -0.012235223676057411,
            -0.008932515243769014,
            -0.002490216981559243,
            -0.08244370115233593,
            -0.04184594665195959
        ]
    },
    "distribution": "flat",
    "expansions": [
        -0.1,
        -0.2,
        -0.4,
        -0.6,
        -0.8,
        -1.0,
        0.0,
        0.1,
        0.2,
        0.4,
        0.6,
        0.8,
        1.0,
        1.5,
        2.0,
        2.5,
        3.0,
        3.5,
        4.0,
        4.5,
        5.0,
        6.0,
        0.3,
        0.5,
        1.1,
        1.3,
        1.6,
        1.8,
        2.1,
        2.3,
        2.6,
        2.8,
        3.1,
        3.3,
        3.6,
        5.5,
        2.2,
        2.4
    ]
}