{
    "data": {
        "energy": [
            -108128.033132,
            -108127.4453617,
            -108126.380705,
            -108124.7353156,
            -108123.4168199,
            -108118.5502181,
            -108117.3235408,
            -108116.7122674,
            -108116.3017092,
            -108116.2322691,
            -108116.2240087,
            -108128.0040982,
            -108127.7969455,
            -108127.2445546,
            -108126.8932652,
            -108126.0425749,
            -108125.4581728,
            -108124.5650659,
            -108124.0844868,
            -108122.9076592,
            -108121.9922355,
            -108118.3125662,
            -108117.6214815,
            -108117.15252,
            -108116.863799,
            -108116.6098474,
            -108116.1018173,
            -108116.1332155
        ],
        "min_vac_dist_change_#1": [
            -1.5733299186138083e-05,
            -0.1940636811676555,
            -0.37441429013491145,
            -0.8012528370740206,
            -1.0644256651682547,
            -0.28702117871647914,
            0.05772459436462185,
            0.24804114592554782,
            0.09852963208071941,
            0.35436546208504893,
            0.40828528840078704,
            -0.09233938879894055,
            -0.1314098377452062,
            -0.22109989198277802,
            -0.19512479557771556,
            -0.4782584747068199,
            -0.6793038565401872,
            -0.9279653511044366,
            -1.1363423853071488,
            -1.3619629276505592,
            -1.4373625576076385,
            -0.10310725252551478,
            0.011752799430421845,
            0.05859466254409185,
            0.37564900951739233,
            0.3152257819092448,
            0.2815415855227421,
            0.3989067373848876
        ],
        "min_vac_dist_change_#2": [
            -0.0002193615411102412,
            -0.4713469775963013,
            -0.8076037588094724,
            -1.0247683617121726,
            -0.9047328897461178,
            -0.24389341212898108,
            0.19493641941559314,
            0.39141622443729673,
            0.2730796104054942,
            0.5059965203978747,
            0.5949495233187605,
            -0.09666754582992398,
            -0.17620771811756208,
            -0.3994181549084126,
            -0.5749462395417166,
            -0.7808268105163283,
            -0.9270695864381402,
            -1.0881483486166785,
            -1.02401205028355,
            -1.190912535229959,
            -1.3656433896496638,
            0.008151959331166303,
            0.10256989667465577,
            0.3717480875127981,
            0.4269605102769516,
            0.3836098066405418,
            0.5798655212471777,
            0.5925894834798751
        ],
        "ts_energy": [
            -0.13577666616325337,
            -0.12911752825452485,
            -0.11705551050592658,
            -0.09841408726941141,
            -0.08347620303403987,
            -0.028340085178153465,
            -0.014442456614400119,
            -0.007517040562298078,
            -0.002865625420382355,
            -0.0020789044815267424,
            -0.001985318359844415,
            -0.1354477280080752,
            -0.13310079350403933,
            -0.12684248616416605,
            -0.12286255631660205,
            -0.11322466881994832,
            -0.1066036909005022,
            -0.09648524494568253,
            -0.09104052869696322,
            -0.07770767182559049,
            -0.06733638790185595,
            -0.02564761028373276,
            -0.01781797288306253,
            -0.012504878120790108,
            -0.009233816353678401,
            -0.006356674166476188,
            -0.0006009520796871951,
            -0.000956677681749455
        ]
    },
    "distribution": "flat",
    "expansions": [
        -0.0,
        0.5,
        1.0,
        1.5,
        2.0,
        2.5,
        3.0,
        3.5,
        4.0,
        4.5,
        5.0,
        0.1,
        0.3,
        0.6,
        0.8,
        1.1,
        1.3,
        1.6,
        1.8,
        2.1,
        2.3,
        2.6,
        2.8,
        3.1,
        3.3,
        3.6,
        5.5,
        6.0
    ]
}