{
    "data": {
        "energy": [
            -108627.7203608,
            -108627.6075994,
            -108627.3712786,
            -108627.0802776,
            -108626.7044788,
            -108626.2277753,
            -108625.7401293,
            -108625.0374865,
            -108624.3087326,
            -108623.4479461,
            -108627.6997745,
            -108627.6471814,
            -108627.5157351,
            -108627.3197117,
            -108627.0394022,
            -108626.6866763,
            -108626.2751709,
            -108625.8290855,
            -108625.2724583,
            -108624.6877537,
            -108624.113885,
            -108621.8033664,
            -108620.0178815,
            -108619.1322175,
            -108618.1377175,
            -108617.185362,
            -108616.046225,
            -108615.0858016,
            -108614.0637877,
            -108610.2482117,
            -108608.2205231,
            -108607.8597869,
            -108607.4634516,
            -108606.7768829,
            -108606.3031858,
            -108605.6650988,
            -108605.1311261,
            -108604.8844107,
            -108604.8899255,
            -108604.7690663,
            -108604.7108733,
            -108604.7530256
        ],
        "ts_energy": [
            -0.18176257811532473,
            -0.18087118381052503,
            -0.1790030355325825,
            -0.17670263278764337,
            -0.17373189182423604,
            -0.16996348539269798,
            -0.16610857700069348,
            -0.1605540894701563,
            -0.15479319011921727,
            -0.14798855498924393,
            -0.18159984059541234,
            -0.18118408493955088,
            -0.18014498394214581,
            -0.1785953921282117,
            -0.17637950715445141,
            -0.17359116062440597,
            -0.17033815409952496,
            -0.16681178794035303,
            -0.16241157371830997,
            -0.15778940380529244,
            -0.1532528931652874,
            -0.13498792730656772,
            -0.12087342472705605,
            -0.11387212955362638,
            -0.10601047089981332,
            -0.09848197028844916,
            -0.08947693634780943,
            -0.08188465788232112,
            -0.07380549808216436,
            -0.043642847423934025,
            -0.027613691436535213,
            -0.02476202238826755,
            -0.021628937580772556,
            -0.01620151801138867,
            -0.012456877583578435,
            -0.00741271249013745,
            -0.0031915851920670418,
            -0.0012412661781343827,
            -0.00128486142711304,
            -0.0003294529046364527,
            0.00013057072730036424,
            -0.00020264897511074696
        ]
    },
    "distribution": "flat",
    "expansions": [
        -0.1,
        -0.2,
        -0.3,
        -0.4,
        -0.5,
        -0.6,
        -0.7,
        -0.8,
        -0.9,
        -1.0,
        0.0,
        0.1,
        0.2,
        0.3,
        0.4,
        0.5,
        0.6,
        0.7,
        0.8,
        0.9,
        1.0,
        1.3,
        1.5,
        1.6,
        1.7,
        1.8,
        1.9,
        2.0,
        2.1,
        2.2,
        2.3,
        2.4,
        2.5,
        2.6,
        2.8,
        3.0,
        3.5,
        4.0,
        4.5,
        5.0,
        5.5,
        6.0
    ]
}