{
    "data": {
        "energy": [
            -108131.8414532,
            -108128.5734784,
            -108124.9188145,
            -108124.04751,
            -108116.8577689,
            -108116.2076299,
            -108131.4713167,
            -108123.445894,
            -108116.5247859
        ],
        "ts_energy": [
            -0.17892300423366567,
            -0.14189851545721044,
            -0.1004930362757453,
            -0.09062160040033566,
            -0.009165498394203789,
            -0.001799754904316352,
            -0.1747295463495875,
            -0.0838055977678561,
            -0.005392970727763941
        ]
    },
    "distribution": "flat",
    "expansions": [
        0.0,
        1.5,
        2.3,
        2.5,
        3.5,
        4.5,
        0.5,
        2.6,
        5.0
    ]
}