{
    "data": {
        "energy": [
            -108624.8266901,
            -108625.0042959,
            -108624.9203458,
            -108624.7534315,
            -108624.247844,
            -108623.7509511,
            -108624.7600021,
            -108624.8587048,
            -108624.798535,
            -108624.3976083,
            -108623.9451497,
            -108623.5030617,
            -108623.0854769,
            -108621.5458832,
            -108619.4400759,
            -108614.2747848,
            -108612.830607,
            -108612.1894979,
            -108611.7573385,
            -108611.6051638,
            -108611.5655637,
            -108611.4845846
        ],
        "ts_energy": [
            -0.15399320734273308,
            -0.15600539052987597,
            -0.15505427868676766,
            -0.15316322474501268,
            -0.1474351760712354,
            -0.14180563278369426,
            -0.153237666293962,
            -0.154355917575659,
            -0.15367422441047676,
            -0.14913192925445867,
            -0.14400580393744936,
            -0.13899717223257158,
            -0.13426614929419722,
            -0.1168233374139511,
            -0.09296561404836316,
            -0.0344454986672626,
            -0.018083700299873984,
            -0.010820260974392369,
            -0.005924115246724833,
            -0.004200053460217295,
            -0.0037514045115907423,
            -0.0028339525840816466
        ]
    },
    "distribution": "flat",
    "expansions": [
        -0.1,
        -0.2,
        -0.4,
        -0.6,
        -0.8,
        -1.0,
        0.0,
        0.1,
        0.2,
        0.4,
        0.6,
        0.8,
        1.0,
        1.5,
        2.0,
        2.5,
        3.0,
        3.5,
        4.0,
        4.5,
        5.0,
        6.0
    ]
}