{
    "data": {
        "energy": [
            -108131.8414532,
            -108131.4713167,
            -108130.4271606,
            -108128.5734784,
            -108128.2334604,
            -108127.563193,
            -108126.7081318,
            -108126.034088,
            -108124.9188145,
            -108124.04751,
            -108123.445894,
            -108122.059059,
            -108117.8940823,
            -108116.8577689,
            -108116.5448274,
            -108116.2076299,
            -108116.5247859,
            -108131.8256702,
            -108131.7701006,
            -108131.3292415,
            -108130.8314114,
            -108130.1892773,
            -108129.4931956,
            -108117.6887205,
            -108117.3416933,
            -108116.9034662,
            -108116.3981948,
            -108116.2953027,
            -108119.0678099
        ],
        "min_vac_dist_change_#1": [
            0.0,
            -0.4936171204448847,
            -1.0589452206830607,
            -1.4807910068064452,
            -1.5735894489579962,
            -1.8058697833010129,
            -1.9928347081774298,
            -2.098235276857295,
            -2.2064977533587964,
            -2.508551901646058,
            -2.39089625440365,
            -2.556443266756201,
            -0.2557697375445258,
            0.12719892910023134,
            0.20950799705247292,
            0.2696119890371449,
            0.3274494786094202,
            -0.09813793913738067,
            -0.27950042504818384,
            -0.5741085739333194,
            -0.7784724612796303,
            -1.1876945022655754,
            -1.3800581350060703,
            0.018348419124290416,
            0.045489783396629235,
            0.13095639447673335,
            0.3571266868765939,
            0.4121155662784268,
            -0.3104302616872481
        ],
        "min_vac_dist_change_#2": [
            0.0,
            -0.3616012484192619,
            -0.6877278020023607,
            -1.029167815079091,
            -1.1156023327312983,
            -1.2441986595236647,
            -1.3918128011550768,
            -1.4785638974306279,
            -1.6317226724671081,
            -1.7367920120864082,
            -1.7843792788448392,
            -2.0858704952201856,
            -0.14754944551991223,
            0.18299597282506497,
            0.1795764207703172,
            0.37852258862098687,
            0.4748847825069511,
            -0.08834974968765974,
            -0.22708512379961254,
            -0.4386715457611925,
            -0.5830722102940542,
            -0.6899853957380166,
            -0.8720886937851415,
            0.00896038983520775,
            0.11513224144069234,
            0.23123281554479735,
            0.40777199650351204,
            0.46672941395658096,
            -1.8409457815188919
        ],
        "ts_energy": [
            -0.17892300423366567,
            -0.1747295463495875,
            -0.16289978994957482,
            -0.14189851545721044,
            -0.13804628482669315,
            -0.13045249682413795,
            -0.1207650892583377,
            -0.11312851656879364,
            -0.1004930362757453,
            -0.09062160040033566,
            -0.0838055977678561,
            -0.06809346409654564,
            -0.020906401000723326,
            -0.009165498394203789,
            -0.005620030707482576,
            -0.001799754904316352,
            -0.005392970727763941,
            -0.1787441908884151,
            -0.17811461564450112,
            -0.1731199067502516,
            -0.16747974546434083,
            -0.16020469341125132,
            -0.15231844254746024,
            -0.018579756480873025,
            -0.01464811518688063,
            -0.009683225511121949,
            -0.0039587580891281915,
            -0.00279304304093326,
            -0.0342041364523312
        ]
    },
    "distribution": "flat",
    "expansions": [
        0.0,
        0.5,
        1.0,
        1.5,
        1.6,
        1.8,
        2.0,
        2.1,
        2.3,
        2.5,
        2.6,
        2.8,
        3.0,
        3.5,
        4.0,
        4.5,
        5.0,
        0.1,
        0.3,
        0.6,
        0.8,
        1.1,
        1.3,
        3.1,
        3.3,
        3.6,
        5.5,
        6.0,
        2.9
    ]
}