{
    "data": {
        "energy": [
            -134486.6821764,
            -134486.7482733,
            -134486.691261,
            -134479.5814175,
            -134479.7288783,
            -134479.725728,
            -134474.5938753,
            -134474.6617868,
            -134474.6332353,
            -134487.7879235,
            -134487.8464375,
            -134487.7936697,
            -134483.3801316,
            -134483.4214166,
            -134483.3737415,
            -134480.4498568,
            -134480.5054075,
            -134480.4724908,
            -134483.3625994,
            -134483.4099779,
            -134483.3513756,
            -134483.2137794,
            -134483.2810788,
            -134483.2434963,
            -134483.7486078,
            -134483.915753,
            -134483.8596461,
            -134481.9904319,
            -134482.0483497,
            -134482.006735,
            -134482.1739224,
            -134482.2442588,
            -134482.1883008,
            -134485.0416332,
            -134485.103539,
            -134485.0514617,
            -134476.7755523,
            -134476.8233342,
            -134476.7866697,
            -134482.2283248,
            -134482.2803681,
            -134482.2403206,
            -134489.2992142,
            -134489.389812,
            -134489.3478852,
            -134479.7274119,
            -134479.7261717,
            -134479.7272616,
            -134487.8490768,
            -134487.8494473,
            -134487.8477499,
            -134483.9138245,
            -134483.9161487,
            -134483.9111396,
            -134489.388572,
            -134489.3911665,
            -134489.3856198
        ]
    },
    "expansions": [
        0.08,
        0.23,
        0.38,
        0.3,
        0.55,
        0.6,
        0.81,
        0.96,
        1.11,
        0.06,
        0.21,
        0.36,
        0.19,
        0.34,
        0.49,
        0.27,
        0.42,
        0.57,
        0.19,
        0.34,
        0.49,
        0.11,
        0.26,
        0.41,
        0.15,
        0.4,
        0.55,
        0.2,
        0.35,
        0.5,
        0.22,
        0.37,
        0.52,
        0.16,
        0.31,
        0.46,
        0.42,
        0.57,
        0.72,
        0.19,
        0.34,
        0.49,
        -0.01,
        0.14,
        0.29,
        0.53,
        0.57,
        0.59,
        0.2,
        0.22,
        0.24,
        0.38,
        0.42,
        0.44,
        0.16,
        0.18,
        0.2
    ],
    "fitted_data": {
        "energy": {
            "first_index": [
                0,
                9,
                18,
                27,
                36,
                3,
                12,
                21,
                30,
                39,
                6,
                15,
                24,
                33,
                42
            ],
            "fit_coefficients": [
                [
                    2.735760000194896,
                    -1.2887315997708775,
                    -134486.59658673595
                ],
                [
                    2.573957777085853,
                    -1.100709885075269,
                    -134487.7310915829
                ],
                [
                    2.355128889944767,
                    -1.5640749784620376,
                    -134483.150445307
                ],
                [
                    2.2118333337210747,
                    -1.6026270001933485,
                    -134481.75837983325
                ],
                [
                    1.8765866655849766,
                    -2.176366798456292,
                    -134476.19250813255
                ],
                [
                    2.1798431416241755,
                    -2.4408692352172032,
                    -134479.0453706564
                ],
                [
                    1.9768911126070263,
                    -1.3229856230894224,
                    -134483.20013010074
                ],
                [
                    2.330708890834707,
                    -1.3110249566066585,
                    -134483.0977682323
                ],
                [
                    2.806542224319526,
                    -2.1247692457648406,
                    -134481.84230980958
                ],
                [
                    2.046462223546843,
                    -1.4315803117055415,
                    -134482.03020182703
                ],
                [
                    2.1436222218586773,
                    -4.246954665932089,
                    -134472.56027256037
                ],
                [
                    1.9659422239154323,
                    -1.7268381336065775,
                    -134480.12692769218
                ],
                [
                    2.603921407765902,
                    -2.100218589815961,
                    -134483.49216120905
                ],
                [
                    2.532957775287661,
                    -1.603195487687262,
                    -134484.8499656411
                ],
                [
                    2.8715070541321572,
                    -0.9644280517438486,
                    -134489.3093148157
                ]
            ],
            "fit_in_range": [
                true,
                true,
                true,
                true,
                true,
                true,
                true,
                true,
                true,
                true,
                true,
                true,
                true,
                true,
                true
            ],
            "minimum": [
                [
                    0.2355344766498282,
                    -134486.7483570974
                ],
                [
                    0.21381661635519428,
                    -134487.84876661448
                ],
                [
                    0.33205719337482176,
                    -134483.41012648077
                ],
                [
                    0.3622847562155986,
                    -134482.04868349928
                ],
                [
                    0.5798737778459773,
                    -134476.82351715124
                ],
                [
                    0.5598726781319091,
                    -134479.72865865423
                ],
                [
                    0.33461266901663955,
                    -134483.42147397593
                ],
                [
                    0.2812502586149091,
                    -134483.28213128637
                ],
                [
                    0.3785386208254914,
                    -134482.2444634195
                ],
                [
                    0.34976954258759446,
                    -134482.28056342242
                ],
                [
                    0.9906024071372213,
                    -134474.6637943179
                ],
                [
                    0.4391884239017341,
                    -134480.50613135129
                ],
                [
                    0.4032799499155957,
                    -134483.91564923292
                ],
                [
                    0.31646707721079,
                    -134485.1036449362
                ],
                [
                    0.1679306429625546,
                    -134489.3902933271
                ]
            ]
        }
    },