{
    "data": {
        "energy": [
            -134486.6821764,
            -134486.7482733,
            -134486.691261,
            -134479.5814175,
            -134479.7288783,
            -134479.725728,
            -134474.5938753,
            -134474.6617868,
            -134474.6332353,
            -134487.7879235,
            -134487.8464375,
            -134487.7936697,
            -134483.3801316,
            -134483.4214166,
            -134483.3737415,
            -134480.4498568,
            -134480.5054075,
            -134480.4724908,
            -134483.3625994,
            -134483.4099779,
            -134483.3513756,
            -134483.2137794,
            -134483.2810788,
            -134483.2434963,
            -134483.7486078,
            -134483.915753,
            -134483.8596461,
            -134481.9904319,
            -134482.0483497,
            -134482.006735,
            -134482.1739224,
            -134482.2442588,
            -134482.1883008,
            -134485.0416332,
            -134485.103539,
            -134485.0514617,
            -134476.7755523,
            -134476.8233342,
            -134476.7866697,
            -134482.2283248,
            -134482.2803681,
            -134482.2403206,
            -134489.2992142,
            -134489.389812,
            -134489.3478852,
            -134479.7274119,
            -134479.7261717,
            -134479.7272616,
            -134487.8490768,
            -134487.8494473,
            -134487.8477499,
            -134483.9138245,
            -134483.9161487,
            -134483.9111396,
            -134489.388572,
            -134489.3911665,
            -134489.3856198
        ],
        "grain_boundary_energy": [
            1.0009963716798613,
            0.9921923889270785,
            0.9997863200485732,
            1.946804100717681,
            1.927162599531732,
            1.927582213566906,
            2.611135340253883,
            2.602089656195281,
            2.6058926622902026,
            0.8537129378573994,
            0.8459189831209998,
            0.8529475548244209,
            1.4408225279359785,
            1.4353234435907125,
            1.4416736772357146,
            1.8311296194833493,
            1.8237303707341583,
            1.8281148132584861,
            1.4431577839980634,
            1.4368470569136098,
            1.4446527730443142,
            1.4629803280697393,
            1.45401617457647,
            1.4590220928834092,
            1.3917421911945937,
            1.3694787649506182,
            1.3769520984956183,
            1.6259279139673855,
            1.6182133719494827,
            1.6237563717117187,
            1.601487324510839,
            1.592118648331772,
            1.5995721486770178,
            1.2195136400803537,
            1.2112679039623249,
            1.218204502365898,
            2.32054006755981,
            2.3141756083597973,
            2.319059250792793,
            1.594241027159508,
            1.5873089574915762,
            1.5926432091654579,
            0.6524118593368122,
            0.6403444027890739,
            0.6459289736867942,
            1.9273579212521224,
            1.9275231135611666,
            1.9273779409306633,
            0.8455674333273311,
            0.8455180834244905,
            0.8457441739120667,
            1.3697356375252936,
            1.3694260584567555,
            1.3700932611529195,
            0.6405095684582914,
            0.6401639859392734,
            0.6409027959428744
        ]
    },
    "expansions": [
        0.08,
        0.23,
        0.38,
        0.3,
        0.55,
        0.6,
        0.81,
        0.96,
        1.11,
        0.06,
        0.21,
        0.36,
        0.19,
        0.34,
        0.49,
        0.27,
        0.42,
        0.57,
        0.19,
        0.34,
        0.49,
        0.11,
        0.26,
        0.41,
        0.15,
        0.4,
        0.55,
        0.2,
        0.35,
        0.5,
        0.22,
        0.37,
        0.52,
        0.16,
        0.31,
        0.46,
        0.42,
        0.57,
        0.72,
        0.19,
        0.34,
        0.49,
        -0.01,
        0.14,
        0.29,
        0.53,
        0.57,
        0.59,
        0.2,
        0.22,
        0.24,
        0.38,
        0.42,
        0.44,
        0.16,
        0.18,
        0.2
    ],
    "fitted_data": {
        "energy": {
            "first_index": [
                0,
                9,
                18,
                27,
                36,
                3,
                12,
                21,
                30,
                39,
                6,
                15,
                24,
                33,
                42
            ],
            "fit_coefficients": [
                [
                    2.735760000980132,
                    -1.2887316000835911,
                    -134486.59658673598
                ],
                [
                    2.584874993004894,
                    -1.1041724953894632,
                    -134487.73163730057
                ],
                [
                    2.3551288904449272,
                    -1.5640749790262904,
                    -134483.15044530688
                ],
                [
                    2.2118333324349653,
                    -1.6026269994929583,
                    -134481.75837983334
                ],
                [
                    1.8765866654893117,
                    -2.176366798590819,
                    -134476.19250813243
                ],
                [
                    1.895625030172138,
                    -2.1205950339009054,
                    -134479.135977603
                ],
                [
                    1.9768911133618012,
                    -1.3229856237979767,
                    -134483.20013010065
                ],
                [
                    2.3307088867684596,
                    -1.3110249545383308,
                    -134483.09776823255
                ],
                [
                    2.80654222313809,
                    -2.124769244881506,
                    -134481.84230980976
                ],
                [
                    2.046462224390514,
                    -1.431580312645837,
                    -134482.03020182688
                ],
                [
                    2.143622222384058,
                    -4.246954666881325,
                    -134472.56027256002
                ],
                [
                    1.9659422234493305,
                    -1.726838133419121,
                    -134480.12692769224
                ],
                [
                    1.9160000194621252,
                    -1.5909050156677174,
                    -134483.58595099678
                ],
                [
                    2.532957779060895,
                    -1.6031954899543688,
                    -134484.84996564075
                ],
                [
                    -4.793125011253503,
                    1.4999375048994161,
                    -134489.50585800043
                ]
            ],
            "fit_in_range": [
                true,
                true,
                true,
                true,
                true,
                true,
                true,
                true,
                true,
                true,
                true,
                true,
                true,
                true,
                true
            ],