{
    "data": {
        "energy": [
            -201736.1527657,
            -201736.3183688,
            -201736.1412809,
            -201736.3209937,
            -201736.3193914,
            -201736.2731761,
            -201736.2724895
        ]
    },
    "expansions": [
        -0.06,
        0.09,
        0.24,
        0.07,
        0.11,
        0.01,
        0.17
    ],
    "fitted_data": {
        "energy": {
            "first_index": [
                0
            ],
            "fit_coefficients": [
                [
                    7.764759640285015,
                    -1.3667745846460353,
                    -201736.2618106998
                ]
            ],
            "fit_in_range": [
                true
            ],
            "minimum": [
                [
                    0.0880113904334498,
                    -201736.3219565656
                ]
            ]
        }
    },
    "shifts": [
        [
            0.0,
            0.0
        ],
        [
            0.0,
            0.0
        ],
        [
            0.0,
            0.0
        ],
        [
            0.0,
            0.0
        ],
        [
            0.0,
            0.0
        ],
        [
            0.0,
            0.0
        ],
        [
            0.0,
            0.0
        ]
    ]
}