{
    "data": {
        "energy": [
            -201736.1527657,
            -201736.3183688,
            -201736.1412809,
            -201736.3209937,
            -201736.3193914,
            -201736.2731761,
            -201736.2724895
        ],
        "grain_boundary_energy": [
            0.34043320614337225,
            0.32913933256254735,
            0.3412164516234358,
            0.3289603184699227,
            0.3290695928356098,
            0.33222140434049935,
            0.33226822939076134
        ]
    },
    "expansions": [
        -0.06,
        0.09,
        0.24,
        0.07,
        0.11,
        0.01,
        0.17
    ],
    "fitted_data": {
        "energy": {
            "first_index": [
                0
            ],
            "fit_coefficients": [
                [
                    -4.559375061627983,
                    0.8607450121539204,
                    -201736.3589049132
                ]
            ],
            "fit_in_range": [
                true
            ],
            "minimum": [
                [
                    0.09439287188698404,
                    -201736.31828081637
                ]
            ]
        },
        "grain_boundary_energy": {
            "first_index": [
                0
            ],
            "fit_coefficients": [
                [
                    -0.31094227445266154,
                    0.05870146854365768,
                    0.3263748328166849
                ]
            ],
            "fit_in_range": [
                true
            ],
            "minimum": [
                [
                    0.09439287187145488,
                    0.32914533291613873
                ]
            ]
        }
    },
    "metadata": {
        "E_tot_bulk": -201741.1445689,
        "grain_boundary_area": 117.464306650779,
        "num_atoms_bulk": 156,
        "num_atoms_grain_boundary": 156
    },
    "shifts": [
        [
            0.0,
            0.0
        ],
        [
            0.0,
            0.0
        ],
        [
            0.0,
            0.0
        ],
        [
            0.0,
            0.0
        ],
        [
            0.0,
            0.0
        ],
        [
            0.0,
            0.0
        ],
        [
            0.0,
            0.0
        ]
    ]
}