{
    "data": {
        "energy": [
            -196561.0040978,
            -196561.06252,
            -196560.9726904,
            -196560.8309666,
            -196561.0579958,
            -196561.061388,
            -196561.0615802,
            -196560.8063223
        ]
    },
    "expansions": [
        0.03,
        0.18,
        0.33,
        -0.12,
        0.14,
        0.16,
        0.2,
        0.48
    ],
    "fitted_data": {
        "energy": {
            "first_index": [
                0
            ],
            "fit_coefficients": [
                [
                    2.6896272023716916,
                    -0.9143634487040521,
                    -196560.98093677952
                ]
            ],
            "fit_in_range": [
                true
            ],
            "minimum": [
                [
                    0.16997958823025244,
                    -196561.05864834078
                ]
            ]
        }
    },
    "shifts": [
        [
            0.0,
            0.2
        ],
        [
            0.0,
            0.2
        ],
        [
            0.0,
            0.2
        ],
        [
            0.0,
            0.2
        ],
        [
            0.0,
            0.2
        ],
        [
            0.0,
            0.2
        ],
        [
            0.0,
            0.2
        ],
        [
            0.0,
            0.2
        ]
    ]
}