{
    "data": {
        "energy": [
            -294845.4539464,
            -294845.6945829,
            -294845.4421634,
            -294845.6912072,
            -294845.6886389
        ]
    },
    "expansions": [
        -0.05,
        0.1,
        0.25,
        0.08,
        0.12
    ],
    "fitted_data": {
        "energy": {
            "first_index": [
                0
            ],
            "fit_coefficients": [
                [
                    10.948616305211534,
                    -2.1500111192538993,
                    -294845.58888213645
                ]
            ],
            "fit_in_range": [
                true
            ],
            "minimum": [
                [
                    0.098186431020991,
                    -294845.6944330957
                ]
            ]
        }
    },
    "shifts": [
        [
            0.0,
            0.0
        ],
        [
            0.0,
            0.0
        ],
        [
            0.0,
            0.0
        ],
        [
            0.0,
            0.0
        ],
        [
            0.0,
            0.0
        ]
    ]
}