{
    "data": {
        "energy": [
            -294845.4539464,
            -294845.6945829,
            -294845.4421634,
            -294845.6912072,
            -294845.6886389
        ],
        "grain_boundary_energy": [
            0.34154879555610385,
            0.3303201929129777,
            0.3420986149942908,
            0.3304777101378637,
            0.3305975523902156
        ]
    },
    "expansions": [
        -0.05,
        0.1,
        0.25,
        0.08,
        0.12
    ],
    "fitted_data": {
        "energy": {
            "first_index": [
                0
            ],
            "fit_coefficients": [
                [
                    11.649624952879904,
                    -2.265717490705235,
                    -294845.5845074004
                ]
            ],
            "fit_in_range": [
                true
            ],
            "minimum": [
                [
                    0.09724422459390536,
                    -294845.6946713707
                ]
            ]
        },
        "grain_boundary_energy": {
            "first_index": [
                0
            ],
            "fit_coefficients": [
                [
                    0.543595877654839,
                    -0.10572311922217076,
                    0.33545654605864644
                ]
            ],
            "fit_in_range": [
                true
            ],
            "minimum": [
                [
                    0.09724422458672562,
                    0.33031606468382146
                ]
            ]
        }
    },
    "metadata": {
        "E_tot_bulk": -294852.7735666,
        "grain_boundary_area": 171.67860202806156,
        "num_atoms_bulk": 228,
        "num_atoms_grain_boundary": 228
    },
    "shifts": [
        [
            0.0,
            0.0
        ],
        [
            0.0,
            0.0
        ],
        [
            0.0,
            0.0
        ],
        [
            0.0,
            0.0
        ],
        [
            0.0,
            0.0
        ]
    ]
}