{
    "data": {
        "energy": [
            -196561.0040978,
            -196561.06252,
            -196560.9726904,
            -196560.8309666,
            -196561.0579958,
            -196561.061388,
            -196561.0615802,
            -196560.8063223
        ],
        "grain_boundary_energy": [
            0.8363627286054449,
            0.8299259158665339,
            0.8398231178485438,
            0.8554378937572997,
            0.8304243809759995,
            0.8300506368125335,
            0.8300294606934921,
            0.8581531414595509
        ]
    },
    "expansions": [
        0.03,
        0.18,
        0.33,
        -0.12,
        0.14,
        0.16,
        0.2,
        0.48
    ],
    "fitted_data": {
        "energy": {
            "first_index": [
                0
            ],
            "fit_coefficients": [
                [
                    2.5897497957415814,
                    -0.9371149215744616,
                    -196560.9777472075
                ]
            ],
            "fit_in_range": [
                true
            ],
            "minimum": [
                [
                    0.18092769485210375,
                    -196561.0625222288
                ]
            ]
        },
        "grain_boundary_energy": {
            "first_index": [
                0
            ],
            "fit_coefficients": [
                [
                    0.28533221619855426,
                    -0.10324900080753914,
                    0.8392659722070572
                ]
            ],
            "fit_in_range": [
                true
            ],
            "minimum": [
                [
                    0.1809276957630526,
                    0.8299256703040844
                ]
            ]
        }
    },
    "metadata": {
        "E_tot_bulk": -196568.5951452,
        "grain_boundary_area": 72.70887278991644,
        "num_atoms_bulk": 152,
        "num_atoms_grain_boundary": 152
    },
    "shifts": [
        [
            0.0,
            0.2
        ],
        [
            0.0,
            0.2
        ],
        [
            0.0,
            0.2
        ],
        [
            0.0,
            0.2
        ],
        [
            0.0,
            0.2
        ],
        [
            0.0,
            0.2
        ],
        [
            0.0,
            0.2
        ],
        [
            0.0,
            0.2
        ]
    ]
}