{
    "data": {
        "energy": [
            -320705.9516905,
            -320706.0568212,
            -320706.1290008,
            -320706.1603154,
            -320706.0785986
        ]
    },
    "expansions": [
        -0.1,
        0.0,
        0.1,
        0.2,
        0.4
    ],
    "fitted_data": {
        "energy": {
            "first_index": [
                0
            ],
            "fit_coefficients": [
                [
                    2.1465911281557033,
                    -0.9050467935581175,
                    -320706.0611296945
                ]
            ],
            "fit_in_range": [
                true
            ],
            "minimum": [
                [
                    0.210810242734887,
                    -320706.15652626165
                ]
            ]
        }
    },
    "shifts": [
        [
            0.5,
            0.5
        ],
        [
            0.5,
            0.5
        ],
        [
            0.5,
            0.5
        ],
        [
            0.5,
            0.5
        ],
        [
            0.5,
            0.5
        ]
    ]
}