{
    "data": {
        "energy": [
            -320705.9516905,
            -320706.0568212,
            -320706.1290008,
            -320706.1603154,
            -320706.0785986
        ],
        "grain_boundary_energy": [
            0.9679537425683005,
            0.9588855971236475,
            0.9526596791839058,
            0.949958609495545,
            0.9570071674114682
        ]
    },
    "expansions": [
        -0.1,
        0.0,
        0.1,
        0.2,
        0.4
    ],
    "fitted_data": {
        "energy": {
            "first_index": [
                0
            ],
            "fit_coefficients": [
                [
                    2.4057666634894,
                    -1.0348759989421012,
                    -320706.0495708666
                ]
            ],
            "fit_in_range": [
                true
            ],
            "minimum": [
                [
                    0.21508237158816648,
                    -320706.1608626587
                ]
            ]
        },
        "grain_boundary_energy": {
            "first_index": [
                0
            ],
            "fit_coefficients": [
                [
                    0.20751162154409702,
                    -0.08926418334684025,
                    0.9595109813031484
                ]
            ],
            "fit_in_range": [
                true
            ],
            "minimum": [
                [
                    0.21508237148990536,
                    0.9499114051814743
                ]
            ]
        }
    },
    "metadata": {
        "E_tot_bulk": -320717.1735721,
        "grain_boundary_area": 92.87342423506695,
        "num_atoms_bulk": 248,
        "num_atoms_grain_boundary": 248
    },
    "shifts": [
        [
            0.5,
            0.5
        ],
        [
            0.5,
            0.5
        ],
        [
            0.5,
            0.5
        ],
        [
            0.5,
            0.5
        ],
        [
            0.5,
            0.5
        ]
    ]
}