{
    "data": {
        "energy": [
            -108627.0850961,
            -108627.191496,
            -108627.1106203,
            -108627.1883786,
            -108627.1915898,
            -108627.1894687,
            -108627.2489384
        ],
        "grain_boundary_energy": [
            0.3552383116389318,
            0.34176231196149714,
            0.3520055631971098,
            0.3421571439250314,
            0.3417504317925702,
            0.34201907812489135,
            0.33448698779525504
        ]
    },
    "expansions": [
        -0.06,
        0.09,
        0.24,
        0.07,
        0.11,
        0.1,
        0.1
    ],
    "fitted_data": {
        "energy": {
            "first_index": [
                0
            ],
            "fit_coefficients": [
                [
                    -20.742000033376925,
                    4.143710008819497,
                    -108627.39641970058
                ]
            ],
            "fit_in_range": [
                true
            ],
            "minimum": [
                [
                    0.09988694441595937,
                    -108627.18946843492
                ]
            ]
        },
        "grain_boundary_energy": {
            "first_index": [
                0
            ],
            "fit_coefficients": [
                [
                    -2.6270624785772343,
                    0.5248184872690914,
                    0.31580785418375473
                ]
            ],
            "fit_in_range": [
                true
            ],
            "minimum": [
                [
                    0.09988694436253431,
                    0.3420191117028933
                ]
            ]
        }
    },
    "metadata": {
        "E_tot_bulk": -108629.889884,
        "grain_boundary_area": 63.25001127349639,
        "num_atoms_bulk": 84,
        "num_atoms_grain_boundary": 84
    },
    "shifts": [
        [
            0.0,
            0.0
        ],
        [
            0.0,
            0.0
        ],
        [
            0.0,
            0.0
        ],
        [
            0.0,
            0.0
        ],
        [
            0.0,
            0.0
        ],
        [
            0.0,
            0.0
        ],
        [
            0.14285714285714285,
            0.0
        ]
    ]
}