{
    "data": {
        "energy": [
            -181038.4080021,
            -181038.5254989,
            -181038.5804438,
            -181038.2277921,
            -181038.5761258,
            -181038.5147117,
            -181038.3976814
        ],
        "grain_boundary_energy": [
            1.2155438718357168,
            1.2032302401416315,
            1.1974720300299841,
            1.2344298293076255,
            1.1979245552183997,
            1.2043607356777835,
            1.2166254783025172
        ]
    },
    "expansions": [
        0.0,
        0.1,
        0.2,
        -0.1,
        0.3,
        0.4,
        0.5
    ],
    "fitted_data": {
        "energy": {
            "first_index": [
                0
            ],
            "fit_coefficients": [
                [
                    2.9631449962036145,
                    -1.4383924983602105,
                    -181038.41129110003
                ]
            ],
            "fit_in_range": [
                true
            ],
            "minimum": [
                [
                    0.2427138226787891,
                    -181038.58584997093
                ]
            ]
        },
        "grain_boundary_energy": {
            "first_index": [
                0
            ],
            "fit_coefficients": [
                [
                    0.3105367650031224,
                    -0.150743130617413,
                    1.215199185553341
                ]
            ],
            "fit_in_range": [
                true
            ],
            "minimum": [
                [
                    0.2427138226546176,
                    1.1969054648178028
                ]
            ]
        }
    },
    "metadata": {
        "E_tot_bulk": -181050.0067342,
        "grain_boundary_area": 76.43992613053294,
        "num_atoms_bulk": 140,
        "num_atoms_grain_boundary": 140
    },
    "shifts": [
        [
            0.0,
            0.4
        ],
        [
            0.0,
            0.4
        ],
        [
            0.0,
            0.4
        ],
        [
            0.0,
            0.4
        ],
        [
            0.0,
            0.4
        ],
        [
            0.0,
            0.4
        ],
        [
            0.0,
            0.4
        ]
    ]
}