{
    "data": {
        "energy": [
            -108627.0850961,
            -108627.191496,
            -108627.1106203,
            -108627.1883786,
            -108627.1915898,
            -108627.1894687,
            -108627.2489384
        ]
    },
    "expansions": [
        -0.06,
        0.09,
        0.24,
        0.07,
        0.11,
        0.1,
        0.1
    ],
    "fitted_data": {
        "energy": {
            "first_index": [
                0
            ],
            "fit_coefficients": [
                [
                    4.136996207811098,
                    -0.829238655410842,
                    -108627.14982682905
                ]
            ],
            "fit_in_range": [
                true
            ],
            "minimum": [
                [
                    0.1002223127308105,
                    -108627.19138093697
                ]
            ]
        }
    },
    "shifts": [
        [
            0.0,
            0.0
        ],
        [
            0.0,
            0.0
        ],
        [
            0.0,
            0.0
        ],
        [
            0.0,
            0.0
        ],
        [
            0.0,
            0.0
        ],
        [
            0.0,
            0.0
        ],
        [
            0.14285714285714285,
            0.0
        ]
    ]
}